{
  "version": 1,
  "author": "عزالدين الطاهش",
  "editor": "wokwi",
  "parts": [
    { "type": "wokwi-arduino-uno", "id": "uno", "top": -57, "left": 57, "attrs": {} },
    {
      "type": "wokwi-led",
      "id": "led2",
      "top": -195.6,
      "left": 90.2,
      "attrs": { "color": "red" }
    },
    {
      "type": "wokwi-led",
      "id": "led3",
      "top": -214.8,
      "left": 215,
      "attrs": { "color": "blue" }
    },
    { "type": "wokwi-servo", "id": "servo1", "top": 257.2, "left": 124.8, "attrs": {} },
    { "type": "wokwi-dht22", "id": "dht1", "top": -182.1, "left": 369, "attrs": {} },
    { "type": "wokwi-potentiometer", "id": "pot1", "top": -39.7, "left": -105.8, "attrs": {} },
    {
      "type": "wokwi-resistor",
      "id": "r1",
      "top": -149.65,
      "left": 172.8,
      "attrs": { "value": "220000" }
    },
    {
      "type": "wokwi-resistor",
      "id": "r2",
      "top": -149.65,
      "left": 19.2,
      "attrs": { "value": "1000" }
    }
  ],
  "connections": [
    [ "dht1:SDA", "uno:2", "green", [ "v0" ] ],
    [ "servo1:PWM", "uno:9", "green", [ "h0" ] ],
    [ "led2:A", "uno:12", "red", [ "v57.6", "h86.4" ] ],
    [ "led2:C", "r2:2", "black", [ "v0" ] ],
    [ "r2:1", "uno:GND.1", "black", [ "v57.6", "h76.8" ] ],
    [ "led3:A", "uno:4", "red", [ "v57.6", "h38.4" ] ],
    [ "led3:C", "r1:2", "black", [ "v0" ] ],
    [ "r1:1", "uno:GND.1", "black", [ "v38.4", "h57.6", "v48", "h-57.6" ] ],
    [ "dht1:GND", "uno:GND.3", "black", [ "v259.2", "h-124.8" ] ],
    [ "pot1:GND", "uno:GND.2", "black", [ "v115.2", "h307.2", "v9.6" ] ],
    [ "pot1:SIG", "uno:A0", "green", [ "v144", "h76.4" ] ],
    [ "pot1:VCC", "uno:5V", "red", [ "v67.2", "h258.4" ] ],
    [ "dht1:VCC", "uno:5V", "red", [ "v163.2", "h-163.2" ] ],
    [ "servo1:GND", "uno:GND.3", "black", [ "h-19.2", "v57.6", "h211.2", "v-153.6", "h-86.4" ] ],
    [ "servo1:V+", "uno:5V", "green", [ "h76.8", "v-153.5" ] ]
  ],
  "dependencies": {}
}