{
  "version": 1,
  "author": "Anonymous maker",
  "editor": "wokwi",
  "parts": [
    { "type": "wokwi-arduino-uno", "id": "uno", "top": 29.4, "left": -0.6, "attrs": {} },
    { "type": "wokwi-led", "id": "led1", "top": -99.6, "left": 167, "attrs": { "color": "red" } },
    {
      "type": "wokwi-pushbutton",
      "id": "btn1",
      "top": -70.6,
      "left": -28.8,
      "attrs": { "color": "green" }
    },
    {
      "type": "wokwi-resistor",
      "id": "r1",
      "top": -53.65,
      "left": 115.2,
      "attrs": { "value": "1000" }
    }
  ],
  "connections": [
    [ "btn1:1.r", "uno:5V", "green", [ "v-19.2", "h-95.8", "v326.4", "h220.8" ] ],
    [ "btn1:2.l", "uno:12", "green", [ "h-9.6", "v57.8", "h163.2" ] ],
    [ "led1:A", "uno:7", "red", [ "v0" ] ],
    [ "led1:C", "r1:2", "black", [ "v0" ] ],
    [ "r1:1", "uno:GND.3", "black", [ "v38.4", "h182.4", "v278.4", "h-115.2" ] ]
  ],
  "dependencies": {}
}