{
  "version": 1,
  "author": "Anonymous maker",
  "editor": "wokwi",
  "parts": [
    { "type": "wokwi-arduino-uno", "id": "uno", "top": 0.6, "left": -67.8, "attrs": {} },
    {
      "type": "wokwi-resistor",
      "id": "r1",
      "top": -63.25,
      "left": 172.8,
      "attrs": { "value": "1000" }
    },
    {
      "type": "wokwi-led",
      "id": "led2",
      "top": -176.4,
      "left": 147.8,
      "attrs": { "color": "red" }
    }
  ],
  "connections": [
    [ "bb1:24t.b", "uno:A1", "green", [ "v-115.2", "h-48", "v28.8", "h0", "v-28.8" ] ],
    [ "led2:C", "r1:1", "green", [ "v0" ] ],
    [ "r1:2", "uno:GND.3", "green", [ "v278.4", "h-116.4" ] ],
    [ "led2:A", "uno:4", "green", [ "v28.8", "h-28.8", "v9.6" ] ]
  ],
  "dependencies": {}
}